Sym,Name,Last,Change,Percent,High,Low,Volume,Time
A,Agilent Technologies,48.44,0.3,+0.62%,48.62,48.12,2323500,08/15/16
AA,Alcoa Inc,10.52,0.35,+3.44%,10.58,10.23,13199900,08/15/16
AAL,American Airlines Gp,35.87,0.95,+2.72%,36.05,34.9,7134400,08/15/16
AAP,Advance Auto Parts Inc,167.76,1.76,+1.06%,169.9,165.55,1854500,08/15/16
AAPL,Apple Inc,109.48,1.3,+1.20%,109.54,108.08,25844801,08/15/16
ABBV,Abbvie Inc Common Stock,67.39,0.2,+0.30%,68.12,67.32,5215300,08/15/16
ABC,Amerisourcebergen Corp,89.39,0.48,+0.54%,89.41,88.64,1796900,08/15/16
ABT,Abbott Laboratories,45.15,0.11,+0.24%,45.23,44.85,6525800,08/15/16
ACN,Accenture Plc,113.6,0.57,+0.50%,114.11,112.75,2284300,08/15/16
ADBE,Adobe Systems Inc,100.93,-0.11,-0.11%,101.63,100.88,1697600,08/15/16
ADI,Analog Devices Cmn,65.27,1.03,+1.60%,65.49,64.24,2534000,08/15/16
ADM,Archer Daniels Midland Company,43.77,-0.3,-0.68%,44.13,43.49,1847500,08/15/16
ADP,Automatic Data Procs,90.35,0.22,+0.24%,90.66,90.16,919200,08/15/16
ADS,Alliance Data Systems Corp,215.07,-3.96,-1.81%,217.1,212.05,877600,08/15/16
ADSK,Autodesk Inc,62.98,1.15,+1.86%,63.21,61.4,1576600,08/15/16
AEE,Ameren Corp,50.41,-0.64,-1.25%,51.21,50.38,977400,08/15/16
AEP,American Electric Power Company,66.52,-1.03,-1.52%,67.8,66.49,1943800,08/15/16
AES,The Aes Corp,12.09,-0.13,-1.06%,12.33,12.09,3011700,08/15/16
AET,Aetna Inc,119.17,-0.41,-0.34%,119.84,118.78,864100,08/15/16
AFL,Aflac Incorporated,72.68,-0.01,-0.01%,73.15,72.64,1895700,08/15/16
AGN,Allergan Plc,254.05,4.44,+1.78%,254.5,250.15,2798900,08/15/16
AIG,American International Group,59.22,0.37,+0.63%,59.34,58.95,3456000,08/15/16
AIV,Apartment Investment and Management,45.54,0.49,+1.09%,45.73,45.1,1270500,08/15/16
AIZ,Assurant Inc,85.79,0.6,+0.70%,86.26,85.25,287200,08/15/16
AJG,Arthur J. Gallagher & Co,49.3,-0.08,-0.16%,49.72,49.29,1042400,08/15/16
AKAM,Akamai Technologies,52.05,0.08,+0.15%,53.01,52.02,1960600,08/15/16
ALB,Albemarle Corp,84.08,1.07,+1.29%,84.79,83.28,1135700,08/15/16
ALK,Alaska Air Group,66.12,0.74,+1.13%,66.46,65.05,814800,08/15/16
ALL,Allstate Corp,69.39,0.26,+0.38%,69.45,69.01,1537600,08/15/16
ALLE,Allegion Plc Ordinary Shares Wh,72.82,0.47,+0.65%,73.22,72.4,602800,08/15/16
ALXN,Alexion Pharm Inc,136.07,2.63,+1.97%,136.71,133.83,1192700,08/15/16
AMAT,Applied Materials,27.47,0.29,+1.07%,27.75,27.35,10768100,08/15/16
AME,Amtek Inc,48.31,0.71,+1.49%,48.34,47.78,1464500,08/15/16
AMG,Affiliated Managers Group,143.88,0.75,+0.52%,144.52,143.31,236200,08/15/16
AMGN,Amgen,174.58,1.56,+0.90%,174.72,171.48,2784300,08/15/16
AMP,Ameriprise Financial Services,96.85,1.25,+1.31%,97.12,95.69,436900,08/15/16
AMT,American Tower Corp,115.79,-0.71,-0.61%,117.11,115.76,879400,08/15/16
AMZN,Amazon.Com Inc,768.49,-4.07,-0.53%,772.04,767.71,2118200,08/15/16
AN,Autonation Inc,49.26,0.42,+0.86%,49.59,48.82,1678400,08/15/16
ANTM,Anthem Inc,129.29,-0.9,-0.69%,130.12,128.9,1655300,08/15/16
AON,AON Plc,109.55,-0.06,-0.05%,110,109.25,660400,08/15/16
APA,Apache Corp,49.88,0.87,+1.78%,50.07,49.09,2948600,08/15/16
APC,Anadarko Petroleum Corp,54.6,0.32,+0.59%,55.04,54.25,2877500,08/15/16
APD,Air Products and Chemicals,151.52,1.68,+1.12%,151.73,150.01,735900,08/15/16
APH,Amphenol Corp,60.52,0.12,+0.20%,60.79,60.37,1370700,08/15/16
ATVI,Activision Blizzard,41.48,0.34,+0.83%,41.99,41.27,5799500,08/15/16
AVB,Avalonbay Communities,181.77,0.98,+0.54%,182.1,181.09,1070900,08/15/16
AVGO,Broadcom Ltd,175.54,3.07,+1.78%,175.81,172.5,2580700,08/15/16
AVY,Avery Dennison Corp,78.17,-0.02,-0.03%,78.66,78.16,458300,08/15/16
AWK,American Water Works,76.54,-1.22,-1.57%,78.13,76.53,1078800,08/15/16
AXP,American Express Company,65.63,0.25,+0.38%,65.82,65.27,3136600,08/15/16
AYI,Acuity Brands Inc,276,1.92,+0.70%,276.41,273.23,171600,08/15/16
AZO,Autozone,794.36,-1.5,-0.19%,798.65,793.29,161200,08/15/16
BA,Boeing Company,134.66,1.56,+1.17%,135,133.55,2812600,08/15/16
BAC,Bank of America Corp,15.02,0.11,+0.74%,15.03,14.94,48582199,08/15/16
BAX,Baxter International Inc,48.41,-0.18,-0.37%,48.98,48.39,2312200,08/15/16
BBBY,Bed Bath & Beyond,46.5,0.37,+0.80%,46.81,46.04,2075800,08/15/16
BBT,BB&T Corp,37.53,0.52,+1.41%,37.62,37.17,2339500,08/15/16
BBY,Best Buy Co,34.51,-0.36,-1.03%,34.97,34.1,4798100,08/15/16
BCR,C.R. Bard,222.24,-0.26,-0.12%,224.21,222.24,281800,08/15/16
BDX,Becton Dickinson and Company,174.21,0.23,+0.13%,175.29,173.91,526500,08/15/16
BEN,Franklin Resources,35.97,0.44,+1.24%,36.02,35.73,1780900,08/15/16
BF.B,Brown Forman Inc B,98.12,0.15,+0.15%,98.22,97.19,413800,08/15/16
BHI,Baker Hughes Inc,50.64,0.88,+1.77%,50.86,49.78,2398800,08/15/16
BIIB,Biogen Inc Cmn,313.39,-0.55,-0.18%,315.08,310.01,929700,08/15/16
BK,Bank of New York Mellon Corp,40.16,0.43,+1.08%,40.27,39.89,2239800,08/15/16
BLK,Blackrock,370.74,4.14,+1.13%,371.77,367.73,369000,08/15/16
BLL,Ball Corp,80.74,0.44,+0.55%,80.93,80.08,1387300,08/15/16
BMY,Bristol-Myers Squibb Company,60.03,-0.6,-0.99%,60.86,60.01,12141400,08/15/16
BRK.B,Berkshire Hath Hld B,147.78,0.06,+0.04%,147.92,147.12,2196000,08/15/16
BSX,Boston Scientific Corp,23.97,0.08,+0.33%,24.08,23.83,5015900,08/15/16
BWA,Borgwarner Inc,34.3,0.49,+1.45%,34.7,33.89,1721400,08/15/16
BXP,Boston Properties,143.61,0.79,+0.55%,143.9,143.08,620900,08/15/16
C,Citigroup Inc,46.39,0.81,+1.78%,46.5,45.82,12252500,08/15/16
CA,CA Inc,34.35,0.15,+0.44%,34.48,34.04,1342500,08/15/16
CAG,Conagra Foods,46.28,-0.3,-0.64%,46.58,46.27,1312800,08/15/16
CAH,Cardinal Health,83.19,-0.41,-0.49%,83.49,83.05,1392800,08/15/16
CAT,Caterpillar Inc,84.15,1.15,+1.39%,84.27,82.96,4056000,08/15/16
CB,Chubb Limited,126.35,0.02,+0.02%,126.81,126.16,1191400,08/15/16
CBG,CBRE Group Inc,29.67,0.03,+0.10%,30.01,29.57,1827100,08/15/16
CBS,CBS Corp,52.28,-0.07,-0.13%,52.6,52.28,2177300,08/15/16
CCI,Crown Castle International Corp,96.21,-0.31,-0.32%,97,96.19,1262100,08/15/16
CCL,Carnival Corp,46.15,0.11,+0.24%,46.37,45.8,3446700,08/15/16
CELG,Celgene Corp,114.62,1.23,+1.08%,114.8,113.31,2978500,08/15/16
CERN,Cerner Corp,66.61,0.16,+0.24%,66.79,66.08,2515200,08/15/16
CF,Cf Industries Holdings,23.2,0.85,+3.80%,23.22,22.54,4954600,08/15/16
CFG,Citizens Financial Group Inc/Ri,23.54,0.27,+1.16%,23.68,23.35,4491200,08/15/16
CHD,Church & Dwight Company,100.03,-0.45,-0.45%,100.84,100.01,414800,08/15/16
CHK,Chesapeake Energy Corp,5.5,0.48,+9.56%,5.53,5.07,75361195,08/15/16
CHRW,C.H. Robinson Ww,69.23,-0.45,-0.65%,69.93,69.08,1015000,08/15/16
CI,Cigna Corp,132.63,-0.68,-0.51%,133.39,130.56,1822300,08/15/16
CINF,Cincinnati Financial,75.96,0.16,+0.21%,76.07,75.53,372800,08/15/16
CL,Colgate-Palmolive Company,74.71,-0.26,-0.35%,75.24,74.64,2375800,08/15/16
CLX,Clorox Company,132.24,-1.18,-0.88%,133.41,132.2,477500,08/15/16
CMA,Comerica Inc,46.1,0.91,+2.01%,46.15,45.43,1564100,08/15/16
CMCSA,Comcast Corp A,67.52,0.01,+0.01%,67.96,67.46,4786300,08/15/16
CME,CME Group Inc,104.91,1.1,+1.06%,104.94,103.56,1169700,08/15/16
CMG,Chipotle Mexican Grill,397.48,0.15,+0.04%,399.89,394.4,703500,08/15/16
CMI,Cummins Inc,127.01,0.28,+0.22%,127.55,126.91,1188800,08/15/16
CMS,Cms Energy Corp,43.01,-0.85,-1.94%,44.01,43,1928100,08/15/16
CNC,Centene Corp,70.96,0.72,+1.03%,70.98,69.94,976400,08/15/16
CNP,Centerpoint Energy Inc,22.45,-0.12,-0.53%,22.74,22.42,5462300,08/15/16
COF,Capital One Financial Corp,68.61,0.61,+0.90%,68.91,68.02,2741700,08/15/16
COG,Cabot Oil & Gas Corp,25.41,0.33,+1.32%,25.6,25.18,3861700,08/15/16
COH,Coach Inc,39.72,0.39,+0.99%,39.96,39.27,4530800,08/15/16
COL,Rockwell Collins,84.97,0.49,+0.58%,85.08,84.44,412700,08/15/16
COP,Conocophillips,42.18,0.81,+1.96%,42.24,41.57,5896100,08/15/16
COST,Costco Wholesale,168.73,-0.31,-0.18%,169.27,168.59,918600,08/15/16
CPB,Campbell Soup Company,60.61,-0.35,-0.57%,61.03,60.45,1173200,08/15/16
CRM,Salesforce.Com Inc,78.92,-2.71,-3.32%,79.75,78.2,10885899,08/15/16
CSCO,Cisco Systems Inc,31.19,0.32,+1.04%,31.24,30.89,21939898,08/15/16
CSRA,Csra Inc Common Stock When Iss,26.14,0.2,+0.77%,26.38,25.71,1290000,08/15/16
CSX,CSX Corporation,28.01,-0.05,-0.18%,28.31,28,4359100,08/15/16
CTAS,Cintas Corp,107.42,0.07,+0.07%,107.52,106.9,428900,08/15/16
CTL,Centurylink,30.02,0.06,+0.20%,30.15,29.9,2279500,08/15/16
CTSH,Cognizant Tech Sol,57.88,-0.32,-0.55%,58.31,57.29,5675800,08/15/16
CTXS,Citrix Systems Inc,87.46,0.3,+0.34%,87.82,86.79,841600,08/15/16
CVS,CVS Corp,97.58,0.15,+0.15%,97.67,97.12,2397100,08/15/16
CVX,Chevron Corp,102.77,0.61,+0.60%,103.06,102.42,4885700,08/15/16
CXO,Concho Resources Inc,136.44,2.71,+2.03%,137.4,134.17,1053800,08/15/16
D,Dominion Resources,75,-0.96,-1.26%,76.33,74.98,1978600,08/15/16
DAL,Delta Air Lines Inc,36.92,0.57,+1.57%,37.05,35.84,10784500,08/15/16
DD,E.I. Du Pont De Nemours and Company,68.64,0.98,+1.45%,68.99,67.74,2802600,08/15/16
DE,Deere & Company,78.28,1.28,+1.66%,78.65,76.96,2667400,08/15/16
DFS,Discover Financial Services,58.21,0.04,+0.07%,58.55,57.89,2106400,08/15/16
DG,Dollar General Corp,92.13,-0.78,-0.84%,92.65,91.75,2456000,08/15/16
DGX,Quest Diagnostics Inc,85.68,-0.11,-0.13%,86.13,85.62,718100,08/15/16
DHI,D.R. Horton,32.46,0.3,+0.93%,32.86,32.19,2601200,08/15/16
DHR,Danaher Corp,81.23,-0.16,-0.20%,81.79,81.15,2926500,08/15/16
DIS,Walt Disney Company,97.1,0.26,+0.27%,97.61,96.92,5299500,08/15/16
DISCA,Discovery Comm A,26.58,0.23,+0.87%,26.7,26.4,1813800,08/15/16
DISCK,Discovery Comm Inc,25.42,0.09,+0.36%,25.61,25.33,1331800,08/15/16
DLPH,Delphi Automotive Plc,64.78,0.8,+1.25%,64.9,63.59,2284900,08/15/16
DLR,Digital Realty Trust,101.8,-1.44,-1.39%,103.72,101.51,986200,08/15/16
DLTR,Dollar Tree Inc,96.26,-0.02,-0.02%,96.95,95.67,2245100,08/15/16
DNB,Dun & Bradstreet Corp,139.46,0.48,+0.35%,139.77,139.05,125800,08/15/16
DO,Diamond Offshore Drilling,20.6,0.44,+2.18%,20.87,20.13,1977500,08/15/16
DOV,Dover Corp,74.44,0.77,+1.05%,74.74,73.93,827800,08/15/16
DOW,Dow Chemical Company,52.79,0.46,+0.88%,53.12,52.26,5850100,08/15/16
DPS,Dr Pepper Snapple Group Inc,97,-0.23,-0.24%,97.42,96.92,699200,08/15/16
DRI,Darden Restaurants,62.37,-0.38,-0.61%,62.98,62.34,1242500,08/15/16
DTE,Dte Energy Company,94.76,-1.62,-1.68%,96.62,94.72,716600,08/15/16
DUK,Duke Energy Corp,81.66,-1.83,-2.19%,83.8,81.61,4024600,08/15/16
DVA,Davita Healthcare Partners Inc,68.33,-0.82,-1.19%,69.35,68.32,2174500,08/15/16
DVN,Devon Energy Corp,41.96,0.29,+0.70%,42.68,41.85,3928600,08/15/16
EA,Electronic Arts Inc,79.48,2.05,+2.65%,79.56,77.33,3372274,08/15/16
EBAY,Ebay Inc,31.05,0.16,+0.52%,31.31,30.64,7339476,08/15/16
ECL,Ecolab Inc,122.68,0.23,+0.19%,122.98,121.33,721227,08/15/16
ED,Consolidated Edison Company of New York,76.24,-2.55,-3.24%,78.27,76.09,3167884,08/15/16
EFX,Equifax Inc,131.56,-0.8,-0.60%,132.57,131.41,346178,08/15/16
EIX,Edison International,74.56,-1.28,-1.69%,75.98,74.51,1340527,08/15/16
EL,Estee Lauder Companies,93.2,0.1,+0.11%,93.82,93.07,1406596,08/15/16
EMC,EMC Corp,28.47,-0.01,-0.04%,28.52,28.4,7289561,08/15/16
EMN,Eastman Chemical Company,66.01,1.22,+1.88%,66.1,64.94,1259974,08/15/16
EMR,Emerson Electric Company,54.71,0.74,+1.37%,54.84,54.06,2945439,08/15/16
ENDP,Endo Int'l Plc,23.23,-0.95,-3.93%,24.17,23.05,8614082,08/15/16
EOG,Eog Resources,90.55,-0.65,-0.71%,91.97,90.54,2794469,08/15/16
EQIX,Equinix Inc,371.33,2.29,+0.62%,372.72,368.49,348594,08/15/16
EQR,Equity Residential,66.54,0.18,+0.27%,66.99,66.32,1289189,08/15/16
EQT,Eqt Corp,68.26,-0.06,-0.09%,68.77,68.02,1579829,08/15/16
ES,Eversource Energy,56.37,-0.88,-1.54%,57.37,56.34,1176487,08/15/16
ESRX,Express Scripts,77.13,0.94,+1.23%,77.34,76.25,3009263,08/15/16
ESS,Essex Property Trust,231.65,2.23,+0.97%,232.64,229.28,279989,08/15/16
ETFC,E*Trade Finl Corp,25.47,0.25,+0.99%,25.55,25.26,1559530,08/15/16
ETN,Eaton Corp,67.63,0.42,+0.62%,68,67.33,1949461,08/15/16
ETR,Entergy Corp,78.21,-1.31,-1.65%,79.7,78.19,720488,08/15/16
EW,Edwards Lifesciences Corp,114.19,0.59,+0.52%,114.96,113.8,834736,08/15/16
EXC,Exelon Corp,34.63,-0.31,-0.89%,35.08,34.62,4053343,08/15/16
EXPD,Expeditors Intl,51.14,-0.14,-0.27%,51.5,51.12,575516,08/15/16
EXPE,Expedia Inc,116.9,0.82,+0.71%,117.99,116.57,1789966,08/15/16
EXR,Extra Space Storage Inc,83.11,-0.33,-0.40%,83.88,83.03,1407552,08/15/16
F,Ford Motor Company,12.43,0.1,+0.81%,12.44,12.36,16372253,08/15/16
FAST,Fastenal Co,43.78,0.34,+0.78%,43.89,43.41,1324459,08/15/16
FB,Facebook Inc,123.9,-0.98,-0.78%,124.92,123.7,19899635,08/15/16
FBHS,Fortune Brands Home & Security,63.88,-0.01,-0.02%,64.12,63.67,650098,08/15/16
FCX,Freeport-Mcmoran Inc,12.17,0.35,+2.96%,12.28,11.93,20601928,08/15/16
FDX,Fedex Corp,166.4,0.9,+0.54%,167,165.7,1118772,08/15/16
FE,Firstenergy Corp,32.89,-0.23,-0.69%,33.35,32.88,3406105,08/15/16
FFIV,F5 Networks Inc,124.75,-0.05,-0.04%,125.66,123.83,911723,08/15/16
FIS,Fidelity National Information Services,80.09,0.05,+0.06%,80.37,79.89,1145712,08/15/16
FISV,Fiserv Inc,102.97,-0.39,-0.38%,103.69,102.94,822244,08/15/16
FITB,Fifth Third Bncp,19.45,0.34,+1.78%,19.47,18.95,3367467,08/15/16
FL,Footlocker Inc,61.18,0.04,+0.07%,61.5,60.5,1759000,08/15/16
FLIR,Flir Systems Inc,30.98,0.06,+0.19%,31.08,30.86,814411,08/15/16
FLR,Fluor Corp,52.02,0.61,+1.19%,52.43,51.43,663005,08/15/16
FLS,Flowserve Corp,48.27,0.78,+1.64%,48.38,47.67,612114,08/15/16
FMC,FMC Corp,48.29,0.64,+1.34%,48.58,47.7,851627,08/15/16
FOX,21St Centry Fox Class B,26.3,-0.27,-1.02%,26.65,26.29,1898693,08/15/16
FOXA,21St Centry Fox Class A,25.85,-0.17,-0.65%,26.14,25.83,6915348,08/15/16
FRT,Federal Realty Investment Trust,159.6,-0.62,-0.39%,161,159.44,226421,08/15/16
FSLR,First Solar Inc,38.33,-0.46,-1.19%,38.95,38.31,2847466,08/15/16
FTI,FMC Technologies,27.07,0.3,+1.12%,27.24,26.86,2899157,08/15/16
FTR,Frontier Commun Cp,4.9,0.05,+1.03%,4.9,4.83,16898072,08/15/16
GD,General Dynamics Corp,153.4,1.93,+1.27%,153.8,151.37,2128927,08/15/16
GE,General Electric Company,31.24,unch,unch,31.35,31.22,19553714,08/15/16
GGP,General Growth Properties,30,0.05,+0.17%,30.11,29.89,4057785,08/15/16
GILD,Gilead Sciences Inc,79.65,-0.01,-0.01%,80.09,79.43,8322929,08/15/16
GIS,General Mills,71.04,-0.13,-0.18%,71.16,70.78,2096687,08/15/16
GLW,Corning Inc,23.07,0.2,+0.87%,23.13,22.87,7735749,08/15/16
GM,General Motors Company,31.86,0.29,+0.92%,31.89,31.55,9345690,08/15/16
GOOG,Alphabet Class C,782.44,-0.78,-0.10%,787.49,780.11,1015993,08/15/16
GOOGL,Alphabet Class A,805.96,-1.09,-0.14%,811.36,804.03,987479,08/15/16
GPC,Genuine Parts Company,102.52,1.02,+1.00%,102.73,101.44,398525,08/15/16
GPN,Global Payments Inc,74.94,0.25,+0.33%,75.02,74.41,851219,08/15/16
GPS,Gap Inc,25.39,0.4,+1.60%,25.55,25.03,4661385,08/15/16
GRMN,Garmin Ltd,55.58,0.48,+0.87%,55.59,55.09,672182,08/15/16
GS,Goldman Sachs Group,165.55,2.3,+1.41%,165.84,163.8,2222399,08/15/16
GT,Goodyear Tire Rubber,29.44,0.14,+0.48%,29.55,29.21,2598143,08/15/16
GWW,W.W. Grainger,230.99,2.02,+0.88%,231.5,228.55,322107,08/15/16
HAL,Halliburton Company,44.45,0.61,+1.39%,44.73,44.02,4436629,08/15/16
HAR,Harman International Industries Inc,85.9,1.09,+1.29%,86.42,84.57,1085005,08/15/16
HAS,Hasbro Inc,81.79,-0.63,-0.76%,82.75,81.66,788744,08/15/16
HBAN,Huntington Bcshs,9.68,0.2,+2.11%,9.7,9.46,5377011,08/15/16
HBI,Hanesbrands Inc,27.23,0.12,+0.44%,27.35,27.14,3226022,08/15/16
HCA,Hca Holdings Inc Common Stock,77.42,0.78,+1.02%,77.8,76.52,2071058,08/15/16
HCN,Welltower Inc,77.75,-0.61,-0.78%,78.71,77.68,1663960,08/15/16
HCP,HCP Inc,39.49,0.36,+0.92%,39.51,39.06,3807621,08/15/16
HD,Home Depot,137.06,0.49,+0.36%,137.97,136.93,6327671,08/15/16
HES,Hess Corp,56.65,0.37,+0.66%,57.44,56.34,4474937,08/15/16
HIG,Hartford Financial Services Group,40.21,0.12,+0.30%,40.44,40.14,1430558,08/15/16
HOG,Harley-Davidson Inc,55.15,1.43,+2.66%,55.23,53.74,1665295,08/15/16
HOLX,Hologic Inc,39,0.32,+0.83%,39.01,38.6,2060197,08/15/16
HON,Honeywell International Inc,116.84,0.74,+0.64%,117.02,116.03,1848247,08/15/16
HOT,Starwood Hotels & Resorts Worldwide,78.54,0.69,+0.89%,78.75,77.94,4559405,08/15/16
HP,Helmerich & Payne,62.6,0.73,+1.18%,63.33,61.93,1185646,08/15/16
HPE,Hewlett Packard Enterprise Comp,22.01,0.12,+0.55%,22.19,21.9,7158779,08/15/16
HPQ,Hewlett-Packard Company,14.52,0.24,+1.68%,14.59,14.31,12751601,08/15/16
HRB,H&R Block,24.31,-0.25,-1.02%,24.55,24.17,2024506,08/15/16
HRL,Hormel Foods Corp,36.71,-0.35,-0.94%,36.9,36.49,2215253,08/15/16
HRS,Harris Corp,90.75,0.92,+1.02%,91.4,90,754188,08/15/16
HSIC,Henry Schein Inc,164.42,-1.04,-0.63%,165.81,164.29,485967,08/15/16
HST,Host Marriott Financial Trust,18.18,0.16,+0.89%,18.24,17.99,4580859,08/15/16
HSY,Hershey Foods Corp,111.82,0.35,+0.31%,112.75,111.04,1116312,08/15/16
HUM,Humana Inc,179.63,-1.23,-0.68%,181.53,178.28,591047,08/15/16
IBM,International Business Machines,161.88,-0.07,-0.04%,162.97,161.78,2970716,08/15/16
ICE,Intercontinental Exchange,280.02,1.38,+0.50%,280.32,278.66,478825,08/15/16
IFF,International Flavors & Fragrances,135.89,0.3,+0.22%,136.02,135.29,292708,08/15/16
ILMN,Illumina Inc,173.36,6.37,+3.81%,174.48,167.26,1480322,08/15/16
INTC,Intel Corp,34.91,0.34,+0.98%,35.16,34.63,20751065,08/15/16
INTU,Intuit Inc,113.32,1.23,+1.10%,114.06,111.89,1474356,08/15/16
IP,International Paper Company,46.32,-0.18,-0.39%,46.88,46.32,2086756,08/15/16
IPG,Interpublic Group of Companies,23.44,0.24,+1.03%,23.61,23.27,3878764,08/15/16
IR,Ingersoll-Rand Plc [Ireland],68.3,0.3,+0.44%,68.52,68.16,1843839,08/15/16
IRM,Iron Mountain Inc,37.09,-0.07,-0.19%,37.39,37.04,1243374,08/15/16
ISRG,Intuitive Surg Inc,692.99,2.07,+0.30%,697.21,691,141592,08/15/16
ITW,Illinois Tool Works Inc,119.28,0.39,+0.33%,119.84,118.85,967759,08/15/16
IVZ,Invesco Plc,29.93,0.17,+0.57%,30.15,29.83,2956529,08/15/16
JBHT,J B Hunt Transport,82.31,-0.19,-0.23%,83.15,82.24,877479,08/15/16
JCI,Johnson Controls,44.32,0.22,+0.50%,44.43,43.96,3575295,08/15/16
JEC,Jacobs Engineering Group Inc,54.25,0.74,+1.38%,54.53,53.51,621875,08/15/16
JNJ,Johnson & Johnson,122.31,-0.91,-0.74%,123.27,122.28,6469753,08/15/16
JNPR,Juniper Networks,23.97,0.7,+3.01%,24.17,23.36,4975228,08/15/16
JPM,JP Morgan Chase & Co,65.72,0.4,+0.61%,65.83,65.46,8371886,08/15/16
JWN,Nordstrom,52.96,1.58,+3.08%,53.25,51.64,5845500,08/15/16
K,Kellogg Company,83.39,-0.14,-0.17%,83.83,83.18,1466400,08/15/16
KEY,Keycorp,12.2,0.21,+1.75%,12.22,12.06,15115200,08/15/16
KHC,Kraft Heinz Co Cmn,89.08,-0.48,-0.54%,89.89,88.85,1661000,08/15/16
KIM,Kimco Realty Corp,30.46,-0.04,-0.13%,30.54,30.38,2394500,08/15/16
KLAC,K L A-Tencor Corp,69.44,1.16,+1.70%,69.5,68.16,2021300,08/15/16
KMB,Kimberly-Clark Corp,128.97,0.15,+0.12%,129.48,128.62,1221500,08/15/16
KMI,Kinder Morgan,21.3,0.23,+1.09%,21.48,21.22,14321301,08/15/16
KMX,Carmax Inc,60.51,0.95,+1.60%,60.53,59.48,1452700,08/15/16
KO,Coca-Cola Company,44.24,0.21,+0.48%,44.33,44.01,10390600,08/15/16
KORS,Michael Kors Holdings Ltd,49.96,1.17,+2.40%,50.34,48.79,3190900,08/15/16
KR,Kroger Company,32.73,0.15,+0.46%,32.97,32.46,9027500,08/15/16
KSS,Kohl's Corp,46.01,1.07,+2.38%,46.34,45.03,5370200,08/15/16
KSU,Kansas City Southern,97.09,0.11,+0.11%,98.74,97.03,1298100,08/15/16
L,Loews Corp,41.33,0.27,+0.66%,41.35,41.09,472300,08/15/16
LB,L Brands Inc,74.34,0.68,+0.92%,74.54,73.51,1570400,08/15/16
LEG,Leggett & Platt Inc,52.28,-0.58,-1.10%,52.99,52.26,593100,08/15/16
LEN,Lennar Corp,47.3,0.55,+1.18%,47.77,46.89,1791800,08/15/16
LH,Laboratory Corporation of America Holdin,139.77,-0.28,-0.20%,140.8,139.62,401400,08/15/16
LKQ,LKQ Corp,35.35,0.7,+2.02%,35.38,34.81,1472000,08/15/16
LLL,L-3 Communications Holdings,150.37,2.16,+1.46%,151.34,148.15,913300,08/15/16
LLTC,Linear Technology,58.97,0.19,+0.32%,59,58.83,2518700,08/15/16
LLY,Eli Lilly and Company,80.26,0.04,+0.05%,80.62,80.07,2780300,08/15/16
LM,Legg Mason Inc,34.16,0.45,+1.33%,34.29,33.81,800200,08/15/16
LMT,Lockheed Martin Corp,266.5,2.35,+0.89%,266.93,264.2,9143801,08/15/16
LNC,Lincoln National Corp,46.08,0.86,+1.90%,46.14,45.59,1095400,08/15/16
LNT,Alliant Energy Corp,38.94,-0.6,-1.52%,39.77,38.94,1323400,08/15/16
LOW,Lowe's Companies,81.54,-0.18,-0.22%,82.68,81.31,5314200,08/15/16
LRCX,Lam Research Corp,90.74,1.56,+1.75%,91.37,89.1,2124000,08/15/16
LUK,Leucadia National Corp,18.92,0.26,+1.39%,19.07,18.7,1391500,08/15/16
LUV,Southwest Airlines Company,36.88,0.36,+0.99%,36.95,36.33,5617200,08/15/16
LVLT,Level 3 Communications,49.58,-0.15,-0.30%,49.86,49.4,3030600,08/15/16
LYB,Lyondellbasell Industries Nv,77.49,2.16,+2.87%,77.88,75.49,3263900,08/15/16
M,Macy's Inc,40.46,0.64,+1.61%,40.6,39.88,11196500,08/15/16
MA,Mastercard Inc,96.44,0.32,+0.33%,96.56,96.07,2081200,08/15/16
MAC,Macerich Company,84.46,-0.02,-0.02%,84.79,83.79,1109100,08/15/16
MAR,Marriot Int Class A,72.88,0.94,+1.31%,73.14,72.02,2030500,08/15/16
MAS,Masco Corp,36.15,0.08,+0.22%,36.41,36.08,1929400,08/15/16
MAT,Mattel Inc,34.02,-0.04,-0.12%,34.2,33.89,2008300,08/15/16
MCD,McDonald's Corp,118.52,-1,-0.84%,119.25,118.52,3391600,08/15/16
MCHP,Microchip Technology,61.21,0.7,+1.16%,61.27,60.53,2375600,08/15/16
MCK,Mckesson Corp,196.12,0.88,+0.45%,197.08,195.1,696300,08/15/16
MCO,Moody's Corp,105.07,1.61,+1.56%,105.47,103.89,633400,08/15/16
MDLZ,Mondelez Intl Cmn A,42.96,-0.21,-0.49%,43.31,42.92,5194200,08/15/16
MDT,Medtronic Inc,87.91,0.37,+0.42%,88.17,87.18,3164900,08/15/16
MET,Metlife Inc,40.23,0.47,+1.18%,40.31,40,6326500,08/15/16
MHK,Mohawk Industries,212.77,0.81,+0.38%,213.57,211.98,334500,08/15/16
MJN,Mead Johnson Nutrition Company,89.3,0.35,+0.39%,89.87,88.6,866000,08/15/16
MKC,Mccormick & Company Inc,101.19,-0.59,-0.58%,101.65,100.8,396000,08/15/16
MLM,Martin Marietta Materials,199.46,3,+1.53%,201.11,195.88,538800,08/15/16
MMC,Marsh & Mclennan Companies,67.37,-0.02,-0.03%,67.6,67.26,1791400,08/15/16
MMM,3M Company,180.56,0.29,+0.16%,181.39,180.46,1268200,08/15/16
MNK,Mallinckrodt Plc Ordinary Share,79.75,0.05,+0.06%,80.15,78.95,1378600,08/15/16
MNST,Monster Beverage Cp,161.43,0.25,+0.16%,161.74,160.59,413600,08/15/16
MO,Altria Group,66.26,-0.48,-0.72%,66.69,66.25,4072500,08/15/16
MON,Monsanto Company,104.98,-0.27,-0.26%,106,104.96,1141800,08/15/16
MOS,Mosaic Company,28.43,1.25,+4.60%,28.5,27.19,4629100,08/15/16
MPC,Marathon Petroleum Corp,41.21,-0.5,-1.20%,41.77,40.91,4106200,08/15/16
MRK,Merck & Company,63.32,-0.03,-0.05%,63.75,63.21,6650000,08/15/16
MRO,Marathon Oil Corp,14.9,0.18,+1.22%,15.06,14.78,12045600,08/15/16
MS,Morgan Stanley,29.66,0.49,+1.68%,29.8,29.31,9408100,08/15/16
MSFT,Microsoft Corp,58.12,0.18,+0.31%,58.5,57.96,19281600,08/15/16
MSI,Motorola Solutions,75.44,0.9,+1.21%,75.62,74.31,1721000,08/15/16
MTB,M&T Bank Corp,118.1,1.79,+1.54%,118.19,116.66,613900,08/15/16
MU,Micron Technology,15.53,0.6,+4.02%,15.69,15.08,29102301,08/15/16
MUR,Murphy Oil Corp,29.12,0.46,+1.61%,29.3,28.66,1910200,08/15/16
MYL,Mylan Nv Ord Shs,48.75,0.29,+0.60%,48.9,48.5,3320800,08/15/16
NAVI,Navient Cp Cmn,13.82,0.33,+2.45%,13.84,13.49,1824600,08/15/16
NBL,Noble Energy Inc,35.36,0.18,+0.51%,35.53,35.09,2097600,08/15/16
NDAQ,Nasdaq Inc Cmn Stk,70.09,-0.06,-0.09%,70.24,69.85,636900,08/15/16
NEE,Nextera Energy,125.32,-1.47,-1.16%,127.3,125.28,1185800,08/15/16
NEM,Newmont Mining Corp,44.92,-0.25,-0.55%,45.45,44.79,3575600,08/15/16
NFLX,Netflix Inc,95.31,-1.28,-1.33%,96.91,95.24,7304300,08/15/16
NFX,Newfield Exploration Company,46.96,0.08,+0.17%,47.45,46.72,3056500,08/15/16
NI,NiSource Inc,24.55,-0.46,-1.84%,25.13,24.55,3855500,08/15/16
NKE,Nike Inc,56.77,0.32,+0.57%,57.06,56.62,4836300,08/15/16
NLSN,Nielsen Holdings Plc,52.93,-0.03,-0.06%,53,52.83,844600,08/15/16
NOC,Northrop Grumman Corp,219.81,1.6,+0.73%,220.52,217.84,687800,08/15/16
NOV,National-Oilwell,34.85,1.04,+3.08%,35.26,33.91,3531000,08/15/16
NRG,NRG Energy,12.61,-0.11,-0.86%,12.87,12.55,4669100,08/15/16
NSC,Norfolk Southern Corp,88.92,0.56,+0.63%,89.64,88.67,780300,08/15/16
NTAP,Netapp Inc,28.8,0.35,+1.23%,28.87,28.43,2811600,08/15/16
NTRS,Northern Trust Corp,68.34,0.51,+0.75%,68.5,68,899600,08/15/16
NUE,Nucor Corp,51.57,0.88,+1.74%,51.88,50.62,2446300,08/15/16
NVDA,Nvidia Corporation,62.98,-0.06,-0.10%,63.5,62.13,14332100,08/15/16
NWL,Newell Rubbermaid Inc,54.89,unch,unch,55.45,54.82,3725800,08/15/16
NWS,News Cp Cl B Cmn ST,14.17,0.13,+0.93%,14.23,14.11,535100,08/15/16
NWSA,News Cp Cl A Cmn ST,13.65,0.14,+1.04%,13.72,13.45,3057300,08/15/16
O,Realty Income Corp,67.99,-0.65,-0.95%,68.79,67.93,947600,08/15/16
OI,Owens-Illinois,18.87,0.35,+1.89%,19.04,18.62,838900,08/15/16
OKE,Oneok Inc,46.77,-0.08,-0.17%,47.59,46.73,2325900,08/15/16
OMC,Omnicom Group Inc,85.28,1.02,+1.21%,85.8,84.4,2255400,08/15/16
ORCL,Oracle Corp,41.39,0.3,+0.73%,41.64,41,12774800,08/15/16
ORLY,O'Reilly Automotive,287.14,0.41,+0.14%,287.75,285.91,410900,08/15/16
OXY,Occidental Petroleum Corp,75.05,0.59,+0.79%,75.23,74.72,4851600,08/15/16
PAYX,Paychex Inc,60.1,0.07,+0.12%,60.25,59.9,1268100,08/15/16
PBCT,People's United Finl,15.51,0.12,+0.78%,15.57,15.39,2030400,08/15/16
PBI,Pitney Bowes Inc,18.62,0.17,+0.92%,18.74,18.48,930900,08/15/16
PCAR,Paccar Inc,58.83,1.12,+1.94%,58.94,57.65,2292600,08/15/16
PCG,Pacific Gas & Electric Co,63.45,-0.67,-1.04%,64.34,63.44,1769100,08/15/16
PCLN,Priceline Group,1399.16,-8.82,-0.63%,1412.1,1396.75,429100,08/15/16
PDCO,Patterson Companies,45.91,-0.06,-0.13%,46.18,45.72,829700,08/15/16
PEG,Public Service Enterprise Group Inc,43.42,-0.55,-1.25%,44.09,43.41,2346800,08/15/16
PEP,Pepsico Inc,108.72,0.13,+0.12%,108.99,108.64,2357800,08/15/16
PFE,Pfizer Inc,35.11,0.13,+0.37%,35.17,34.93,12353899,08/15/16
PFG,Principal Financial Group Inc,47.11,0.33,+0.71%,47.25,46.98,1089200,08/15/16
PG,Procter & Gamble Company,87.02,-0.02,-0.02%,87.57,86.99,6871100,08/15/16
PGR,Progressive Corp,33.86,-0.11,-0.32%,34.07,33.84,1738200,08/15/16
PH,Parker-Hannifin Corp,124.12,1.31,+1.07%,124.49,123.11,648200,08/15/16
PHM,Pultegroup,21.42,0.27,+1.28%,21.52,21.12,4748200,08/15/16
PKI,Perkinelmer,54.61,0.2,+0.37%,54.8,54.42,278600,08/15/16
PLD,Prologis Inc,54.17,-0.18,-0.33%,54.54,54.06,1800700,08/15/16
PM,Philip Morris International Inc,98.61,-0.39,-0.39%,99.18,98.54,5256600,08/15/16
PNC,PNC Bank,85.63,0.63,+0.74%,85.78,85.06,1862600,08/15/16
PNR,Pentair Ltd,66.77,1.14,+1.74%,66.99,65.82,1032500,08/15/16
PNW,Pinnacle West Capital Corp,76.45,-1.47,-1.89%,77.96,76.44,416200,08/15/16
PPG,PPG Industries,104.46,0.47,+0.45%,104.75,104.02,1037200,08/15/16
PPL,PPL Corp,35.42,-0.84,-2.32%,36.39,35.38,5367200,08/15/16
PRGO,Perrigo Company,88.29,0.33,+0.38%,88.81,87.64,1894000,08/15/16
PRU,Prudential Financial Inflation Retail,76.71,1.19,+1.58%,76.96,76.2,1945500,08/15/16
PSA,Public Storage,229.09,-1.08,-0.47%,230.8,228.35,686900,08/15/16
PSX,Phillips 66 Common Stock,78.59,-0.22,-0.28%,79.25,78.22,2807900,08/15/16
PVH,Phillips-Van Heusen Corp,105.05,1.05,+1.01%,105.52,104.06,419800,08/15/16
PWR,Quanta Services,25.38,0.48,+1.93%,25.43,24.89,1392600,08/15/16
PX,Praxair,118.03,1.26,+1.08%,118.23,116.88,551300,08/15/16
PXD,Pioneer Natural Resources Co,179.15,2.63,+1.49%,180.26,176.93,1977300,08/15/16
PYPL,Paypal Holdings,38.46,-0.05,-0.13%,38.65,38.34,4548200,08/15/16
QCOM,Qualcomm Inc,62.43,0.72,+1.17%,62.49,61.8,6498800,08/15/16
QRVO,Qorvo Inc Cmn,55.77,1.18,+2.16%,56.45,54.54,2221300,08/15/16
R,Ryder System,65.41,0.13,+0.20%,66.14,65.39,378200,08/15/16
RAI,Reynolds American Inc,50.55,-0.05,-0.10%,50.59,50.19,5016800,08/15/16
RCL,Royal Caribbean Cruises Ltd,71.5,0.7,+0.99%,71.68,70.86,1436100,08/15/16
REGN,Regeneron Pharmaceutical,422.87,1.33,+0.32%,425.92,422.25,368800,08/15/16
RF,Regions Financial Corp,9.56,0.33,+3.58%,9.58,9.28,18672199,08/15/16
RHI,Robert Half International Inc,37.41,0.2,+0.54%,37.72,37.37,716600,08/15/16
RHT,Red Hat Inc,73.97,-0.03,-0.04%,74.16,73.16,1451900,08/15/16
RIG,Transocean Inc,10.43,0.53,+5.35%,10.56,10.06,12967300,08/15/16
RL,Ralph Lauren Corp,109.17,0.98,+0.91%,109.66,108.14,1091400,08/15/16
ROK,Rockwell Automation Inc,118.86,1.22,+1.04%,119.21,117.88,386700,08/15/16
ROP,Roper Industries,173.79,1.08,+0.63%,174.26,172.22,392600,08/15/16
ROST,Ross Stores Inc,63.22,0.1,+0.16%,63.62,63.02,3216600,08/15/16
RRC,Range Resources Corp,39.14,0.39,+1.01%,39.55,38.53,2337700,08/15/16
RSG,Republic Services,51.33,-0.38,-0.73%,51.82,51.3,707700,08/15/16
RTN,Raytheon Company,142.52,0.27,+0.19%,143.39,142.11,1326200,08/15/16
SBUX,Starbucks Corp,55.25,-0.22,-0.40%,55.7,55.18,5968700,08/15/16
SCG,Scana Corp,72.2,-1.03,-1.41%,73.7,72.12,740200,08/15/16
SCHW,The Charles Schwab Corp,30.21,0.51,+1.72%,30.27,29.83,5774800,08/15/16
SE,Spectra Energy Corp,36.07,-0.29,-0.80%,36.65,36.04,3114000,08/15/16
SEE,Sealed Air Corp,47.1,0.19,+0.41%,47.48,46.98,1154300,08/15/16
SHW,Sherwin-Williams Company,296.33,0.52,+0.18%,297.8,295.84,339800,08/15/16
SIG,Signet Jewelers Ltd,92.67,1.45,+1.59%,94.18,91.26,1646000,08/15/16
SJM,J.M. Smucker Company,152.06,-0.77,-0.50%,152.96,151.37,920400,08/15/16
SLB,Schlumberger N.V.,82.04,0.84,+1.03%,82.13,81.09,4015900,08/15/16
SLG,SL Green Realty Corp,119.2,0.05,+0.04%,119.91,118.3,542300,08/15/16
SNA,Snap-On Inc,153.64,0.12,+0.08%,154.13,152.15,692000,08/15/16
SNI,Scripps Ntwrks Int A,64.08,0.81,+1.28%,64.4,63.56,818800,08/15/16
SO,Southern Company,51.49,-0.86,-1.64%,52.48,51.46,4124400,08/15/16
SPG,Simon Property Group,214.08,-1.14,-0.53%,214.98,213.38,1148100,08/15/16
SPGI,S&P Global Inc,120.26,0.35,+0.29%,120.6,119.22,863300,08/15/16
SPLS,Staples Inc,9.27,0.08,+0.87%,9.35,9.23,5751500,08/15/16
SRCL,Stericycle Inc,87.04,0.02,+0.02%,87.85,86.81,1044200,08/15/16
SRE,Sempra Energy,105.91,-1.08,-1.01%,107.6,105.83,809900,08/15/16
STI,Suntrust Banks,42.1,0.26,+0.62%,42.22,41.95,3561300,08/15/16
STJ,St. Jude Medical,83.64,unch,unch,83.83,83.41,1108500,08/15/16
STT,State Street Corp,69.21,0.97,+1.42%,69.3,68.54,1489800,08/15/16
STX,Seagate Tech Ord Shs,32,0.45,+1.43%,32.38,31.57,3627400,08/15/16
STZ,Constellation Brands Inc,165,-0.51,-0.31%,165.45,164.53,687700,08/15/16
SWK,Stanley Black & Decker Inc,123.5,0.29,+0.24%,124,123.14,607300,08/15/16
SWKS,Skyworks Solutions,69.5,1.97,+2.92%,69.59,67.55,2218100,08/15/16
SWN,Southwestern Energy Company,14.26,0.4,+2.89%,14.5,13.94,10005101,08/15/16
SYF,Synchrony Financial,27.74,0.06,+0.22%,27.97,27.7,4782200,08/15/16
SYK,Stryker Corp,115.23,-0.34,-0.29%,115.8,115.23,568600,08/15/16
SYMC,Symantec Corporation,22.88,0.34,+1.51%,22.97,22.65,12762200,08/15/16
SYY,Sysco Corp,52.18,-0.03,-0.06%,53.97,51.78,8573400,08/15/16
T,AT&T Inc,43.02,-0.26,-0.60%,43.32,43.02,16248000,08/15/16
TAP,Molson Coors Brewing Company,98.95,-0.84,-0.84%,100.17,98.93,1633300,08/15/16
TDC,Teradata Corp,31.8,0.44,+1.40%,31.98,31.4,1027100,08/15/16
TDG,Transdigm Group Inc,285.25,2.15,+0.76%,285.73,283.17,488800,08/15/16
TEL,Te Connectivity Ltd,61.21,1.22,+2.03%,61.46,60.08,1197600,08/15/16
TGNA,Tegna Inc,21.37,0.42,+2.00%,21.45,21,1366400,08/15/16
TGT,Target Corp,75.53,-0.28,-0.37%,76.23,75.27,5373300,08/15/16
TIF,Tiffany & Co,67.91,0.6,+0.89%,68.72,67.5,1565100,08/15/16
TJX,TJX Companies,82.77,-0.1,-0.12%,83.64,82.4,5551700,08/15/16
TMK,Torchmark Corp,62.21,1.11,+1.82%,62.37,61.39,658800,08/15/16
TMO,Thermo Fisher Scientific Inc,155.97,0.48,+0.31%,156.46,155.29,959100,08/15/16
TRIP,Tripadvisor Inc,62.13,0.43,+0.70%,62.45,61.62,1382300,08/15/16
TROW,T Rowe Price Group,68.64,-0.09,-0.13%,69.08,68.58,1156200,08/15/16
TRV,The Travelers Companies Inc,118.35,-0.16,-0.14%,118.75,118.08,1029700,08/15/16
TSCO,Tractor Supply Co,86.03,-0.42,-0.49%,87.1,85.96,953400,08/15/16
TSN,Tyson Foods,75.09,-0.28,-0.37%,75.29,74.55,2047200,08/15/16
TSO,Tesoro Petroleum Corp,76.4,1.03,+1.37%,76.5,75.09,1521100,08/15/16
TSS,Total System Services,48.17,-0.66,-1.35%,48.89,48.04,1133900,08/15/16
TWX,Time Warner Inc,80.86,0.31,+0.38%,81.03,80.6,2492900,08/15/16
TXN,Texas Instruments,70.33,0.49,+0.70%,70.7,69.93,4148800,08/15/16
TXT,Textron Inc,40.31,1.1,+2.81%,40.32,39.1,1374400,08/15/16
TYC,Tyco International Ltd,44.15,0.34,+0.78%,44.24,43.72,1743100,08/15/16
UA,Under Armour,42.24,1.15,+2.80%,42.65,41.31,5000100,08/15/16
UA.C,Under Armour Inc Class C Comm,38.04,0.94,+2.53%,38.47,37.14,681300,08/15/16
UAL,United Continental Holdings,48.01,0.91,+1.93%,48.48,47,3025400,08/15/16
UDR,United Dominion Realty Trust,36.87,0.06,+0.16%,37.25,36.82,1324200,08/15/16
UHS,Universal Health Services,126.31,-0.06,-0.05%,127.23,126.03,482800,08/15/16
ULTA,Ulta Salon Cosmetic,266.97,0.17,+0.06%,269.82,266.84,452900,08/15/16
UNH,Unitedhealth Group Inc,141.62,-1.26,-0.88%,143.11,141.49,2369600,08/15/16
UNM,Unumprovident Corp,34.14,0.66,+1.97%,34.2,33.65,913400,08/15/16
UNP,Union Pacific Corp,92.5,0.6,+0.65%,93.27,92.28,2734000,08/15/16
UPS,United Parcel Service,109.85,-0.06,-0.05%,110.75,109.81,1548700,08/15/16
URBN,Urban Outfitters Inc,31.24,0.59,+1.92%,31.31,30.73,2354900,08/15/16
URI,United Rentals,79.23,0.86,+1.10%,79.69,78.64,1160100,08/15/16
USB,U.S. Bancorp,42.98,0.25,+0.59%,43.04,42.77,5279000,08/15/16
UTX,United Technologies Corp,109.69,0.82,+0.75%,109.83,109.17,2044400,08/15/16
V,Visa Inc,80.91,0.89,+1.11%,81.15,80.02,6290200,08/15/16
VAR,Varian Medical Systems,94.83,-0.09,-0.09%,95.26,94.53,505400,08/15/16
VFC,V.F. Corp,63.98,0.12,+0.19%,64.48,63.86,1501700,08/15/16
VIAB,Viacom Inc Cl B,42.82,-0.09,-0.21%,43.11,42.61,1692600,08/15/16
VLO,Valero Energy Corp,54.52,0.19,+0.35%,54.71,53.86,4942600,08/15/16
VMC,Vulcan Materials Company,119.77,0.85,+0.71%,120.87,118.94,892200,08/15/16
VNO,Vornado Realty Trust,104.66,-0.48,-0.46%,105.84,104.41,774200,08/15/16
VRSK,Verisk Analytics Inc,81.63,0.21,+0.26%,81.77,81.28,524100,08/15/16
VRSN,Verisign Inc,81.81,-1.44,-1.73%,83.43,81.72,1318600,08/15/16
VRTX,Vertex Pharmaceutic,102.48,0.95,+0.94%,102.79,101.52,547200,08/15/16
VTR,Ventas Inc,73.97,-0.46,-0.62%,74.67,73.89,1202000,08/15/16
VZ,Verizon Communications Inc,53.61,-0.04,-0.07%,53.85,53.53,8250800,08/15/16
WAT,Waters Corp,159.14,0.89,+0.56%,159.91,158.28,356000,08/15/16
WBA,Walgreens Boots Alliance,83.61,0.29,+0.35%,83.88,82.66,3611100,08/15/16
WDC,Western Digital Cp,45.84,1.53,+3.45%,46.25,44.47,4334200,08/15/16
WEC,Wisconsin Energy Corp,61.17,-1.29,-2.07%,62.67,61.14,1807200,08/15/16
WFC,Wells Fargo & Company,48.27,0.37,+0.77%,48.34,48.03,11758600,08/15/16
WFM,Whole Foods Market,31.13,0.23,+0.74%,31.22,30.71,4300300,08/15/16
WHR,Whirlpool Corp,184.86,-1.11,-0.60%,186.62,184.2,1169800,08/15/16
WLTW,Willis Towers Wts Cmn,121.53,0.06,+0.05%,122.23,121.37,478700,08/15/16
WM,Waste Management,66.23,-0.44,-0.66%,66.89,66.22,1352200,08/15/16
WMB,Williams Companies,26.59,0.38,+1.45%,26.78,26.34,6664200,08/15/16
WMT,Wal-Mart Stores,73.32,-0.57,-0.77%,74.01,73.11,9635500,08/15/16
WRK,Westrock Company Common Stock W,44,-0.47,-1.06%,44.87,43.95,1437900,08/15/16
WU,Western Union Company,21.01,0.04,+0.19%,21.1,20.95,1725100,08/15/16
WY,Weyerhaeuser Company,31.9,0.04,+0.13%,32.16,31.87,2538900,08/15/16
WYN,Wyndham Worldwide Corp,70.11,0.73,+1.05%,70.2,69.39,578700,08/15/16
WYNN,Wynn Resorts Limited,103.74,3.99,+4.00%,104.44,100.15,3662400,08/15/16
XEC,Cimarex Energy Co,131.01,0.24,+0.18%,132.23,130.47,774800,08/15/16
XEL,XCEL Energy Inc,42.12,-0.68,-1.59%,42.94,42.09,2156100,08/15/16
XL,XL Company Switzerland Gmbh,33.67,0.33,+0.99%,33.67,33.31,1780200,08/15/16
XLNX,Xilinx Inc,52.04,0.2,+0.39%,52.43,52,1702600,08/15/16
XOM,Exxon Mobil Corp,87.81,-0.04,-0.05%,88.5,87.64,6432400,08/15/16
XRAY,Dentsply Sirona Inc,60.97,-0.05,-0.08%,61.46,60.88,814200,08/15/16
XRX,Xerox Corp,9.84,0.07,+0.72%,9.88,9.78,3578200,08/15/16
XYL,Xylem Inc Common Stock New Whe,50.32,1.87,+3.86%,50.51,49.2,1818400,08/15/16
YHOO,Yahoo! Inc,42.67,-0.27,-0.63%,43.29,42.43,14441000,08/15/16
YUM,Yum! Brands,89.94,-0.02,-0.02%,90.53,89.85,1392200,08/15/16
ZBH,Zimmer Biomet Holdings,129.91,0.57,+0.44%,129.93,129.39,1383500,08/15/16
ZION,Zions Bancorporation,28.63,0.49,+1.74%,28.72,28.16,1636300,08/15/16
ZTS,Zoetis Inc Class A Common Stoc,,,,,,,
